timestamp,raw_signal,temperature_c,pressure_hpa,relative_humidity
2025-01-01T00:00:00,255.87636158198285,6.2742453717789886,1011.7856571225904,90.37502491657322
2025-01-01T01:00:00,248.85467588934756,5.369837670057462,1013.798887075555,88.52643337778876
2025-01-01T02:00:00,240.11698475485775,7.747742418190303,1016.1900952669868,81.2266338383517
2025-01-01T03:00:00,249.14972538117763,9.098296833432215,1015.1138308374392,87.93588131318445
2025-01-01T04:00:00,238.54566446825905,8.012344409328662,1014.7276327747228,77.64993579822999
2025-01-01T05:00:00,232.79244339616795,10.350946020999515,1015.7503119847264,69.53971754606312
2025-01-01T06:00:00,223.58247373124837,13.515594043971925,1014.632205386345,67.29955944087332
2025-01-01T07:00:00,214.38372028632807,14.99298926379296,1015.8107778567012,63.00268101986601
2025-01-01T08:00:00,213.358010880699,17.015438272185765,1016.3756984242144,62.67235872570124
2025-01-01T09:00:00,204.86972712563767,17.776510245008907,1016.5253270057124,58.018369293141056
2025-01-01T10:00:00,204.68123465962452,20.51124984772713,1017.410328480772,55.09863573310184
2025-01-01T11:00:00,205.630630234101,21.18129916968506,1017.360097118902,56.74492112490949
2025-01-01T12:00:00,204.04009414364225,20.8404183582167,1017.8389733609488,55.17740111431558
2025-01-01T13:00:00,206.9460101887636,21.61708140118622,1017.1311312543812,55.6588225568609
2025-01-01T14:00:00,210.550491545722,20.382936234517917,1018.4722114644036,57.66536134833889
2025-01-01T15:00:00,213.29401744169428,18.13404198943853,1019.2030308545724,61.0635200469194
2025-01-01T16:00:00,203.5066168055629,17.845851810188773,1017.5904034138764,55.019004196962
2025-01-01T17:00:00,222.3635537088574,15.01761530900385,1017.8419977795828,65.18491006326082
2025-01-01T18:00:00,220.5385698511351,14.912886914522266,1019.5789318294904,63.18776023364901
2025-01-01T19:00:00,234.3443543405976,12.317450704695348,1018.6765737108392,75.29741620514967
2025-01-01T20:00:00,241.54293550369664,10.557934800796922,1019.945502857408,79.20258004722183
2025-01-01T21:00:00,245.612989686121,8.710208147866405,1018.7906329588052,86.34128537563248
2025-01-01T22:00:00,309.9439842464721,9.357602747609246,1020.2414097768724,89.47745066687142
2025-01-01T23:00:00,248.76253678285613,7.463791783776416,1019.4219400165084,87.66090889240299
2025-01-02T00:00:00,251.182044497065,7.021801628495657,1019.601936751619,85.70641449071319
2025-01-02T01:00:00,248.15498725598772,7.3698750241171185,1020.5917536979704,88.49886641172019
2025-01-02T02:00:00,243.04506293840424,8.904130234275733,1019.302269076665,83.17244148948967
2025-01-02T03:00:00,246.43951317448057,9.903255748232752,1018.9393902635792,82.22670807929566
2025-01-02T04:00:00,240.74034936716757,11.43030507724838,1019.3103279845836,82.07079936383747
2025-01-02T05:00:00,232.18122077295197,13.167413295297749,1019.950496754284,72.47123883132137
2025-01-02T06:00:00,227.360273154163,16.54922680300777,1018.5307208872882,72.74335387514748
2025-01-02T07:00:00,222.48609247459072,16.09577186153745,1020.049220136062,67.7903347745109
2025-01-02T08:00:00,214.50133838969356,17.714554291395185,1019.1854812165776,57.86951438274925
2025-01-02T09:00:00,212.68889663981903,18.9163420074378,1020.309199790815,60.98723992489885
2025-01-02T10:00:00,202.9596752315485,21.336590357224072,1017.7564676763042,57.206480582407565
2025-01-02T11:00:00,200.16762564898264,22.5162223347926,1018.7923549088398,53.30096227742372
2025-01-02T12:00:00,200.55202022144005,21.65231753003789,1018.0569218116073,49.57455148461544
2025-01-02T13:00:00,201.32782619753164,20.77395960657712,1018.537842292938,49.689309749174136
2025-01-02T14:00:00,200.3605151343369,20.10004021957419,1019.1528758859904,52.38464405764627
2025-01-02T15:00:00,208.00779824833745,20.323962955155903,1018.702250480449,58.736003713114926
2025-01-02T16:00:00,208.0688855808071,18.963895589009223,1018.4838154192192,56.87929550138598
2025-01-02T17:00:00,219.01283713789164,17.099313425811435,1018.3689094817036,65.71918675930914
2025-01-02T18:00:00,218.46907565190216,14.201041263440176,1018.4280132887128,64.10328666683232
2025-01-02T19:00:00,228.6977100724569,13.195953143661525,1017.3716036043188,71.99470094079707
2025-01-02T20:00:00,235.31884792138163,11.39998406315278,1018.3514718746848,77.05053978333562
2025-01-02T21:00:00,321.1066803156225,10.035754246558117,1018.0873625536708,88.60166701589688
2025-01-02T22:00:00,241.50165014444343,9.502003560867534,1017.64815532365,77.77941627085787
2025-01-02T23:00:00,251.790420407113,8.208374861693656,1017.5122705573168,89.30384481544584
2025-01-03T00:00:00,247.09526287391876,8.365892448691987,1017.0638459724396,85.10794637352197
2025-01-03T01:00:00,248.8654225950901,8.038006865836847,1018.004827907049,85.29496574867751
2025-01-03T02:00:00,243.01753257705312,8.918060682744969,1016.234205558711,82.42279305240054
2025-01-03T03:00:00,239.1344143141216,10.317401929503916,1015.7868080784654,80.71412094001342
2025-01-03T04:00:00,234.6102843290752,9.864132509689467,1015.1733418832478,74.94929096210579
2025-01-03T05:00:00,233.6396286407522,12.55037465012674,1014.670491965716,76.32673317801421
2025-01-03T06:00:00,219.9948312518136,14.19840857336084,1014.2082175123602,65.09065680402682
2025-01-03T07:00:00,222.1004185485984,15.828150960606932,1014.1382719846988,66.10231100985175
2025-01-03T08:00:00,211.2586125764977,17.811217700707974,1014.3876632289396,55.635880989860304
2025-01-03T09:00:00,201.33223825921672,20.819298207027696,1014.3443105235818,54.01207281419548
2025-01-03T10:00:00,199.9664413598293,19.770159616135945,1013.8165600163316,47.623130062241096
2025-01-03T11:00:00,200.1988955767208,22.08120730673581,1012.9134788384982,51.12419846127157
2025-01-03T12:00:00,206.5039777920008,19.89271387398823,1013.7470608337388,53.8666841905708
2025-01-03T13:00:00,200.05855077789388,20.82443335869809,1013.3019350762906,48.9753125995537
2025-01-03T14:00:00,198.2832974847006,20.528148954379265,1012.340694958152,50.11518600371824
2025-01-03T15:00:00,198.94056086003792,19.750139772664973,1011.6650475597456,49.46672321864154
2025-01-03T16:00:00,209.5107217787634,18.36441484980123,1012.1780112667444,55.95040718987926
2025-01-03T17:00:00,212.77586146943827,16.699863167698197,1011.600937623415,55.14490484261041
2025-01-03T18:00:00,215.10361737939988,13.808429078322128,1010.1349629919382,61.79384250344703
2025-01-03T19:00:00,230.79726278241367,11.841026404916551,1010.7852325655856,70.05471000725423
2025-01-03T20:00:00,240.69296627429668,11.28615439764596,1010.706087267539,77.85269242924466
2025-01-03T21:00:00,248.59782684590533,8.83573637702832,1009.5891869676924,86.46747689383696
2025-01-03T22:00:00,243.71111772194013,6.689704482504802,1010.0554160826604,77.16542147247006
2025-01-03T23:00:00,249.84027492160885,6.059644254264902,1008.615697918693,85.82544282568051
2025-01-04T00:00:00,247.81475553451256,5.953483673010155,1010.289680430823,82.1230654305493
2025-01-04T01:00:00,240.9587054303219,7.405769529400444,1009.9576299660728,80.05390079839194
2025-01-04T02:00:00,239.218582681384,7.723619179831948,1008.6471406383272,80.29560618685852
2025-01-04T03:00:00,240.89112623354285,9.26619166187446,1008.8289393587525,76.19729506425286
2025-01-04T04:00:00,232.895014620641,9.646031932236747,1006.6496044059325,72.75108751420221
2025-01-04T05:00:00,226.03789003742284,11.796826687435937,1007.3011436782618,66.7447755518597
2025-01-04T06:00:00,214.09313648116063,13.963569035691968,1007.6915549088304,58.79446125389834
2025-01-04T07:00:00,208.299365148558,14.867962322862676,1006.9464297450234,53.8036926439831
2025-01-04T08:00:00,211.87928213908424,17.179373792918785,1008.0103317339384,57.3158676572548
2025-01-04T09:00:00,203.79055060816577,17.5555501783318,1008.7357647628976,50.46830470980302
2025-01-04T10:00:00,201.01784719727692,18.86994353303807,1006.355927367144,8.0
2025-01-04T11:00:00,200.87075911914627,19.485220829122365,1006.4501187698488,46.93767734140802
2025-01-04T12:00:00,203.258054856822,18.923744318969863,1007.073175709114,49.05410654133579
2025-01-04T13:00:00,200.2632558699604,20.132451867033115,1007.9237030875884,47.430789534908016
2025-01-04T14:00:00,203.72836499857053,18.50520155185306,1005.8436279667446,46.15532807921474
2025-01-04T15:00:00,207.5771596433986,17.7594561181748,1006.7930171226482,55.40421080073872
2025-01-04T16:00:00,215.55925667152144,16.664395913898208,1007.829219695584,60.124606859056506
2025-01-04T17:00:00,220.32078990984465,14.878970481251349,1005.3500550651122,60.39839704641874
2025-01-04T18:00:00,228.2421631917649,13.198308916954142,,66.45060986527893
2025-01-04T19:00:00,230.2544832718955,10.633755467039338,1006.1631324462368,71.7705209066082
2025-01-04T20:00:00,238.4765135399076,8.588472205220635,1006.0967050302892,75.46559549701593
2025-01-04T21:00:00,245.15994148734,7.384003830359109,1007.0478853147348,77.1725010573413
2025-01-04T22:00:00,,4.761607339087194,1006.6825858042496,79.81666704491816
2025-01-04T23:00:00,249.93160620076117,4.21631234702021,1005.3216037457069,81.24284776099194
2025-01-05T00:00:00,244.50248730019828,4.028579618469434,1006.9916501817426,76.17148078894422
2025-01-05T01:00:00,249.05710264403643,4.499913540243678,1006.3093007319478,81.89987603940267
2025-01-05T02:00:00,240.0953417438321,6.397618977560022,1007.704090691282,73.0236893533686
2025-01-05T03:00:00,238.33689508643548,6.277663644142507,1006.4864651467489,72.31185319815073
2025-01-05T04:00:00,240.4334832855373,8.14567759685003,1006.6090180435071,76.16563684414525
2025-01-05T05:00:00,231.9042856711214,,1007.5770220532936,70.48032662324326
2025-01-05T06:00:00,227.99248863528533,11.557080782698996,1007.8901657435696,68.38739855453835
2025-01-05T07:00:00,217.67412124953756,14.301379987037404,1007.8415403889164,57.87793319573709
2025-01-05T08:00:00,215.96571588286,14.435433160003456,1006.533097175558,50.74833360552429
2025-01-05T09:00:00,203.2185585823701,16.492061460089175,1008.28766473733,50.4765473963852
2025-01-05T10:00:00,206.02567933492665,16.88766460777786,1007.3973881724056,49.036379247994496
2025-01-05T11:00:00,200.75839360682232,18.092001914051156,1008.5082235283276,47.32526428367031
2025-01-05T12:00:00,205.3308489994349,19.348980655269205,1007.5802012719424,50.51020341404612
2025-01-05T13:00:00,202.75168153195145,16.75861639957036,1009.133051772486,45.93475099467785
2025-01-05T14:00:00,207.0595691589816,17.965929311913555,1008.509684160145,50.21196743118546
2025-01-05T15:00:00,207.64104346565568,16.63960595179398,1008.4393181387968,48.308222617631486
2025-01-05T16:00:00,216.24150901544024,14.4064193130609,1010.108170052943,56.95678821867855
2025-01-05T17:00:00,,11.918873538459737,1010.0567268949908,59.58744138336538
2025-01-05T18:00:00,218.2240574536048,11.44317259471813,1009.7438705321482,61.45217467820545
2025-01-05T19:00:00,235.58111209990892,9.061911185558978,1011.4817923831946,67.75516724830015
2025-01-05T20:00:00,238.19041825238597,8.033835842659666,1010.4552782910192,72.14409914448959
2025-01-05T21:00:00,244.780085325792,6.370929468110205,1011.08864075903,75.47584657118223
2025-01-05T22:00:00,248.91476533427533,6.659392125282702,1011.5606947797044,85.43819597432959
2025-01-05T23:00:00,247.90397407441392,4.284432663930479,1011.248027179951,80.71121732030299
2025-01-06T00:00:00,251.35892938699945,3.3239820147130392,1012.3231567275324,80.90368002666709
2025-01-06T01:00:00,242.9764122789293,4.631247635617288,1011.9329205426628,73.96239083417586
2025-01-06T02:00:00,245.3886622319513,5.355923701878286,1012.3317499842408,76.60381119126498
2025-01-06T03:00:00,244.55269025693727,7.484839371602725,1013.8870661703558,76.24231992280968
2025-01-06T04:00:00,232.55990719474408,8.456633286396997,1012.5170640660708,71.37553204609087
2025-01-06T05:00:00,240.3130838710916,9.710709368897795,1011.8669077484432,74.6480826876827
2025-01-06T06:00:00,226.05978503668217,12.516972602097605,1014.991201314354,64.97328676820655
2025-01-06T07:00:00,227.07275943276895,11.94310529820796,1015.9522772436584,65.80061388628081
2025-01-06T08:00:00,213.9941351492139,14.129256785599102,1014.1839824651724,57.549193576849696
2025-01-06T09:00:00,213.7229067091362,15.32714714323302,1013.4067520422584,54.08658591928484
2025-01-06T10:00:00,202.77385734055045,16.93145351644565,1014.834250784346,51.08919136782709
2025-01-06T11:00:00,208.5762547151189,16.75384359940288,1015.1337236310774,49.86149304794471
2025-01-06T12:00:00,206.92775422391415,18.81676561020568,1015.476337714628,55.432284586108025
2025-01-06T13:00:00,198.69358302261952,17.822813869314256,1015.0971286188742,42.025498420749095
2025-01-06T14:00:00,203.1927278194667,16.018421111023628,1016.5407396562596,
2025-01-06T15:00:00,214.3675656569348,15.336736300663986,1016.7514238764942,52.94132501497349
2025-01-06T16:00:00,216.97281668427524,15.106589715145612,1015.577452953671,58.56365875940864
2025-01-06T17:00:00,223.52601122670112,13.91623516625663,1017.3416883875784,65.17780794376094
2025-01-06T18:00:00,228.4242685269509,13.175313840298251,1018.5067186618056,68.9674993842828
2025-01-06T19:00:00,234.84088898889252,12.219335195380657,1017.3961350005092,70.51564929769363
2025-01-06T20:00:00,246.23532667270047,8.314122763136407,1017.233386910768,79.67548701574029
2025-01-06T21:00:00,250.7119519294989,5.635564665054579,1017.5512192570386,83.38272963443458
2025-01-06T22:00:00,253.29828230509585,3.5317507270819624,1018.2493257265392,83.26920341419361
2025-01-06T23:00:00,253.02570975287168,5.031183528505973,1016.7617164485168,87.83768606364868
2025-01-07T00:00:00,257.0902663698352,3.8610563457782527,1018.2289526927829,86.14551508068452
2025-01-07T01:00:00,248.4852621387694,4.500348580152989,1017.9670733149496,82.78875017733323
2025-01-07T02:00:00,256.18487446054417,5.067441685061413,1019.6459339917856,85.6380729873181
2025-01-07T03:00:00,248.65551800771465,6.650748527783636,1018.3278865408774,81.01926333964607
2025-01-07T04:00:00,247.28069137695107,9.235071279721224,1019.699765730648,77.25175798632836
2025-01-07T05:00:00,239.67028082702157,10.155493054682546,1017.8269830924642,78.43565275102777
2025-01-07T06:00:00,223.09812444655324,11.73494700331946,1019.062835874171,60.43303209314677
2025-01-07T07:00:00,,12.81076860414211,1018.91220015853,59.77714655856926
2025-01-07T08:00:00,219.8533344352096,13.978809245251558,1018.1018236150164,56.60910727053994
2025-01-07T09:00:00,212.43088211119476,16.55441261241223,1018.8405420867178,56.093348853975485
2025-01-07T10:00:00,210.69965772112337,18.11377353075458,1019.556049282144,53.890402135600674
2025-01-07T11:00:00,201.88412265012585,20.511534175353862,1018.4563495006332,47.922467955372845
2025-01-07T12:00:00,205.0683760139325,19.33625633891399,1017.4592679367815,49.28201513776857
2025-01-07T13:00:00,203.3963551942149,19.92614070016869,1018.5770712398952,50.40378656316325
2025-01-07T14:00:00,219.64619416389135,17.955197943946324,1017.8886827433664,63.81945871644862
2025-01-07T15:00:00,218.67697550508103,16.288795767011216,1018.1972886071804,64.32550944574201
2025-01-07T16:00:00,219.8992029633241,15.10083560005124,1018.2821819599168,60.19417456354427
2025-01-07T17:00:00,226.2557233106115,13.69315557645093,1017.033841744028,64.55351686217317
2025-01-07T18:00:00,225.5322122992028,14.515085078070282,1016.9718390095384,66.28994094664665
2025-01-07T19:00:00,229.13123058408777,10.114377780087162,1018.3021385891592,68.11516270090118
2025-01-07T20:00:00,244.9135526486432,9.986364204245596,1017.4479995358956,78.56140878179966
2025-01-07T21:00:00,247.23009438663223,7.036082014429888,1015.8555731828416,79.07076303354289
2025-01-07T22:00:00,249.94125834722456,7.641723716640189,1018.0255514728204,85.03487055049436
2025-01-07T23:00:00,248.793375120728,6.517670935774413,1017.4808854810228,81.49137188047084
2025-01-08T00:00:00,250.21349192443213,5.859025892107718,1016.5939338198624,85.061245739783
2025-01-08T01:00:00,253.33310999559723,6.269137092152018,1015.9652197166135,87.7206790992443
2025-01-08T02:00:00,253.40009200686535,6.483027416078041,1017.2559637378616,86.83021323478566
2025-01-08T03:00:00,252.5426084214343,8.653253570013995,1016.6905154740532,84.34896639962965
2025-01-08T04:00:00,238.6388193176244,9.35879094681041,1017.8806922102552,74.78083095682956
2025-01-08T05:00:00,243.6122680130928,10.419862389785076,1016.2664068316188,78.32395130268573
2025-01-08T06:00:00,229.3598631917072,12.250393864233708,1015.9962684323244,68.1564714863189
2025-01-08T07:00:00,228.1901606585481,15.432936722852087,1015.3545356850784,68.79134178336571
2025-01-08T08:00:00,218.03208317079472,18.45174144470902,1015.7842700627248,62.45251674223619
2025-01-08T09:00:00,212.1333013623349,18.688242232041222,1015.3865989120144,54.15948981578007
2025-01-08T10:00:00,209.0102450372353,19.61301717685169,1015.5578782495568,55.17085565380976
2025-01-08T11:00:00,206.10228320997416,20.738529953441297,1014.046252484244,55.854737342944
2025-01-08T12:00:00,205.4618122095991,21.956392297947747,1013.8335410296038,56.13321618180221
2025-01-08T13:00:00,206.64532943087215,20.800008566142456,1013.528509722194,54.05919736855043
2025-01-08T14:00:00,213.60070427560103,19.59234331874071,1014.1421770003956,61.59218786479215
2025-01-08T15:00:00,217.7410560506891,19.90306504508734,1014.3621602451958,62.43333640736452
2025-01-08T16:00:00,217.0874537433092,17.899856899129976,1012.7175088928046,61.49855148578392
2025-01-08T17:00:00,231.2588904478916,17.26279004254634,1012.4682355930506,69.08587028866573
2025-01-08T18:00:00,233.594507756846,14.287192636845434,1012.7145499126508,77.58677265752083
2025-01-08T19:00:00,245.41627573200316,11.260361896034526,1012.0547696053176,
2025-01-08T20:00:00,237.721247439044,9.492967648666555,1012.629074182428,74.92079586712829
2025-01-08T21:00:00,241.8858664161652,10.808879876838075,1010.1266802220928,79.43905652481858
2025-01-08T22:00:00,254.9612859781698,9.808614691507586,1010.8696843236067,90.51794604591598
2025-01-08T23:00:00,245.24634386400035,7.441301025683998,1010.6520014726544,83.24721254558798
2025-01-09T00:00:00,250.87354045408296,7.062428079420064,1009.3332976393908,82.82878429508146
2025-01-09T01:00:00,254.6145544900269,9.002095082574506,1010.048049976379,85.09912306036344
2025-01-09T02:00:00,252.4996785488613,7.42871085343858,1009.854868990774,86.49094670328581
2025-01-09T03:00:00,248.24262817356055,8.769101773244834,1010.1360293027642,81.87319388620855
2025-01-09T04:00:00,241.5682296201276,,1010.8462320897144,76.34234958305522
2025-01-09T05:00:00,234.00045312465443,12.424529782017023,1009.695555303837,72.06369492624857
2025-01-09T06:00:00,226.2637054598457,14.61713428217629,1008.9555891645626,67.43029891235425
2025-01-09T07:00:00,215.87741121798896,16.314446767611543,1009.4579717605068,62.34114628378154
2025-01-09T08:00:00,226.473934600084,18.479389841478607,1010.0640325285788,69.19700081317335
2025-01-09T09:00:00,212.0477336590309,20.91547113804324,1008.489738000712,58.61989922528738
2025-01-09T10:00:00,209.42859892841355,20.863735293117696,1008.3907356499192,57.86515506402388
2025-01-09T11:00:00,204.35608774455935,22.07969218529297,1009.28665083258,51.23245053320319
2025-01-09T12:00:00,205.51908909267,19.909715350999363,1008.6207525572128,51.59183521756105
2025-01-09T13:00:00,202.62726291157256,21.48625387410629,1009.1221578125648,50.1990918793924
2025-01-09T14:00:00,201.715706304984,20.08316607043272,1008.5656451798872,44.98548390458964
2025-01-09T15:00:00,205.740919183613,18.641497691732408,1008.9860519156172,52.01389062262554
2025-01-09T16:00:00,213.9918494870461,17.504629704690252,1007.7036148923144,53.8868182073595
2025-01-09T17:00:00,212.28307139951303,16.30976348770603,1008.366729071268,56.31365066630896
2025-01-09T18:00:00,222.22518722165552,15.624312288120413,1008.1885650411624,64.26567460786335
2025-01-09T19:00:00,244.54905805528284,11.793254506935869,1007.4596899576426,77.34628586416875
2025-01-09T20:00:00,242.53693263158195,11.3225351782611,1007.2050755978962,76.51124605536135
2025-01-09T21:00:00,335.1166758401024,9.403182019501784,1008.782147529294,84.56068467631478
2025-01-09T22:00:00,248.41056261431535,8.422811875788398,1008.0729319607284,84.03846008433221
2025-01-09T23:00:00,251.49578468251175,8.909620910570586,1007.6332467548738,86.89074972273345
2025-01-10T00:00:00,248.4230521087713,8.239174135230817,1008.3253983887952,81.43035844100048
2025-01-10T01:00:00,251.41535614774332,9.180843999995314,1009.2396827569644,85.689692375296
2025-01-10T02:00:00,250.71828887444025,8.518798112599072,1006.9241549696532,84.55907517480205
2025-01-10T03:00:00,243.18624836367687,9.122894175745596,1007.5566356167636,77.13931155351217
2025-01-10T04:00:00,241.0808590065675,10.974099812367118,1008.05459942244,77.44558012452943
2025-01-10T05:00:00,232.16959567492316,13.056325856992412,1009.8321891956256,73.21921469792504
2025-01-10T06:00:00,224.2729199696053,14.780659984832694,1009.1279717136,64.76487163485808
2025-01-10T07:00:00,220.52564176172672,15.427191759015912,1009.5997446362062,58.209800494275896
2025-01-10T08:00:00,208.25499529582973,18.14028653027708,1008.4082160130844,53.74671674896194
2025-01-10T09:00:00,209.92611250705104,19.67925652404176,1008.5771519666968,54.5257236733251
2025-01-10T10:00:00,203.258664847646,22.81513425404039,1009.8391052941054,52.51953353601946
2025-01-10T11:00:00,199.7611969793433,22.89891693775698,1009.7410356542435,46.75777503345255
2025-01-10T12:00:00,203.22848703166855,20.63937765293952,1010.268229924521,48.90179203596928
2025-01-10T13:00:00,209.3181876883606,20.867184860291037,1009.9453095787836,51.24293885541139
2025-01-10T14:00:00,210.84896775564363,19.06457339413145,1010.4720559298378,52.96795345051047
2025-01-10T15:00:00,212.8283121513679,18.690903361874483,1010.5962140295984,58.799463009808
2025-01-10T16:00:00,220.2933485404837,18.008355431218966,,61.22236439000549
2025-01-10T17:00:00,214.3700594387985,17.071118914817674,1011.4867429351006,57.21516473698785
2025-01-10T18:00:00,231.7183796427611,13.466106189376474,1010.0147416774544,70.881467190346
2025-01-10T19:00:00,232.36621534393225,11.668411222253644,1009.8072497304714,67.40254107992725
2025-01-10T20:00:00,243.1300546642395,8.581415977749732,1012.3174212148622,76.89320108074027
2025-01-10T21:00:00,245.8877063377571,8.861510940931359,1012.6869390743632,76.87319207071252
2025-01-10T22:00:00,245.22667259229783,6.881649202835327,1011.3831830460427,77.77594644561883
2025-01-10T23:00:00,242.74948869733032,6.603107262238568,1011.039855807038,74.4749532682092
2025-01-11T00:00:00,249.31287542652987,5.991816030060775,1012.656493423128,80.66945596338633
2025-01-11T01:00:00,243.33280571102532,6.873488560924756,1013.4847616450868,75.12542623843461
2025-01-11T02:00:00,254.68896578904017,6.01348046514747,1014.3373438209892,82.1670729312667
2025-01-11T03:00:00,251.3760228580178,7.324414122361576,1013.6854064769832,81.28936167136037
2025-01-11T04:00:00,237.5504050400133,11.946881714765096,1013.3071589340057,69.57551401202103
2025-01-11T05:00:00,240.06536634471965,10.495460642320266,1013.1832031414152,69.23083922057049
2025-01-11T06:00:00,223.0801381986947,12.41343066051219,1014.0544029952308,61.1489747361664
2025-01-11T07:00:00,216.7672062518039,16.799596384100074,1014.0711494135014,57.00668429733162
2025-01-11T08:00:00,211.89296595747044,19.38283653143348,1013.799897919818,57.74024202929932
2025-01-11T09:00:00,209.2866122409144,17.096873559348982,1016.1692697785816,51.301871108651085
2025-01-11T10:00:00,210.97346018339,18.86526793383741,1016.2036755692294,54.75692073544714
2025-01-11T11:00:00,199.5900880695248,20.13618492956732,1015.9617842695146,45.22009397241676
2025-01-11T12:00:00,127.33650639189013,21.555827879965037,1014.7273963000628,49.76952081979181
2025-01-11T13:00:00,204.94192499133595,18.80600526374068,1016.1682895060106,47.140462679667856
2025-01-11T14:00:00,206.60844523674285,18.70691359668761,998.2070586111809,51.23674339156295
2025-01-11T15:00:00,209.843352413612,18.44781522977545,1016.2498469437754,49.547133655312585
2025-01-11T16:00:00,212.66523466569404,16.623013387902844,1016.9862431515968,54.424001667190254
2025-01-11T17:00:00,227.2586123046816,14.13855195871731,1016.717811498004,58.26320267524249
2025-01-11T18:00:00,223.7035510912252,12.479021650814197,1016.9423206700964,60.11658767361437
2025-01-11T19:00:00,237.31820511616303,9.484986175564838,1017.01064203397,69.740946288796
2025-01-11T20:00:00,238.97656062691937,8.755084316483174,1016.9326810502292,73.7861194091244
2025-01-11T21:00:00,250.39054033613144,7.21600147916681,1015.5633583788166,77.10059536961658
2025-01-11T22:00:00,255.6811125457644,6.48916123031305,1016.9762705756324,83.10183216886783
2025-01-11T23:00:00,256.8235443285081,5.018919075263876,1016.6220272065864,84.49674255860623
2025-01-12T00:00:00,247.0202390543665,5.6433939398790205,1016.1965959086108,78.6998562353869
2025-01-12T01:00:00,251.77466887093772,6.308879921122857,1018.338133976932,80.75302810491374
2025-01-12T02:00:00,244.1074742226677,6.17770856841055,1018.4265861991134,75.5864358399078
2025-01-12T03:00:00,248.0612320306559,7.409175561525847,1018.2100525987707,75.17469489748937
2025-01-12T04:00:00,239.9941030662236,8.533863708305562,1017.4663082788178,69.50403603490092
2025-01-12T05:00:00,240.2553127320687,10.119466304032326,1018.2488180752472,73.20980213578974
2025-01-12T06:00:00,225.13446926996457,11.228316126465716,1017.3141479014172,64.4544480668382
2025-01-12T07:00:00,219.32685747949915,13.922460810923004,1017.4365941571529,58.06569159027714
2025-01-12T08:00:00,222.4463120151353,15.188131133440203,1016.5047523030552,58.95886955149029
2025-01-12T09:00:00,205.4796689505196,18.56080674020758,1017.5103077123288,43.72092365184746
2025-01-12T10:00:00,202.61974191121288,19.158703869425104,1017.2237040974844,41.62991062562397
2025-01-12T11:00:00,129.91012287515647,18.74439357966251,1016.2055279637958,49.834239069749486
2025-01-12T12:00:00,207.1278086161177,17.905951842832255,1017.004607125682,46.75396130680845
2025-01-12T13:00:00,210.627017936595,17.3120344556584,1016.8950226128236,48.07575953310256
2025-01-12T14:00:00,199.79706540203105,18.64697669050226,1018.1070962268456,44.33746041826032
2025-01-12T15:00:00,212.58751213517328,16.66211821232735,1017.360595355542,51.68709965267632
2025-01-12T16:00:00,224.78974269228468,15.373283336240466,1016.6166990225006,62.39296068192989
2025-01-12T17:00:00,227.71089187664165,11.650198219132571,1016.645438692877,62.46126012700116
2025-01-12T18:00:00,225.78975352718044,12.212950671178008,1016.3537898959204,64.6704942702011
2025-01-12T19:00:00,233.90533565203708,9.947432928109324,1016.0217349356002,67.04388133054486
2025-01-12T20:00:00,241.4745300493149,,1015.2368467875694,71.40770927575
2025-01-12T21:00:00,240.5829995530549,5.926890210434153,1015.7099059271728,68.969196911662
2025-01-12T22:00:00,250.800217629988,5.455136607014746,1015.1053114696184,80.14024309961675
2025-01-12T23:00:00,255.74695966237175,4.547072847176819,1014.5556823667052,84.01496920806706
2025-01-13T00:00:00,249.93690601484357,3.9821756908495183,1015.584035479944,76.24264876719063
2025-01-13T01:00:00,253.1841963373416,4.376760122897239,1015.2878893808778,78.9885100627375
2025-01-13T02:00:00,247.7445504118243,4.9311470459175,1013.5442950038624,75.68241071037616
2025-01-13T03:00:00,244.1568399367184,6.3988768147785535,1014.4838952670932,73.78434772657624
2025-01-13T04:00:00,242.5835502342871,9.029375940767718,1015.0360025103784,73.96320210658577
2025-01-13T05:00:00,229.44121532732115,7.07953281882507,1014.8448295717568,62.51669856840076
2025-01-13T06:00:00,235.3566305315973,10.986834761941283,1014.5816312078651,67.70051551634302
2025-01-13T07:00:00,228.3064688856056,13.17185322633373,1013.6474679472292,63.929551758434826
2025-01-13T08:00:00,219.3033394097576,14.971427755792265,1012.7826019839896,56.45436829954421
2025-01-13T09:00:00,209.77493987375095,15.826342367308833,1012.367391300696,45.27380870686343
2025-01-13T10:00:00,206.063390600296,15.701232735055118,1013.1177195489804,47.91251374381247
2025-01-13T11:00:00,209.12477464850664,18.28805706754625,1012.891908786775,54.16336293662904
2025-01-13T12:00:00,198.6996565478784,19.79974495082049,1013.2775972938588,39.69352209288351
2025-01-13T13:00:00,210.3359933604832,16.642339032278628,1012.8973760933486,48.92780402170104
2025-01-13T14:00:00,208.0674547599388,18.11959198840439,1011.7873619140084,47.86142191982276
2025-01-13T15:00:00,218.3474073550325,15.95508477294017,1010.763847744344,57.65841897921681
2025-01-13T16:00:00,220.73709507779645,14.769235341194472,1011.1693514300136,56.14991234012501
2025-01-13T17:00:00,231.79213120002643,12.214312595518134,1011.3065049756822,64.17628152966154
2025-01-13T18:00:00,236.91742295687587,11.077245482655355,1010.7791939645464,69.29080565827846
2025-01-13T19:00:00,244.17108044726763,10.766899111203122,1010.28752504595,78.28730043183069
2025-01-13T20:00:00,239.93336160970688,8.465543990976947,1010.6463426369636,75.39853728653031
2025-01-13T21:00:00,252.08489234611855,8.085229417952208,1009.9003674565328,81.09320101707917
2025-01-13T22:00:00,251.34226139538933,6.510263079820065,1009.6044997140192,77.4273068277971
2025-01-13T23:00:00,262.21907855260184,5.1854212234331385,1010.0609965180668,88.63483203147284
2025-01-14T00:00:00,251.9874138670069,6.162244405108559,1009.3688546673762,82.52947569042229
2025-01-14T01:00:00,256.6705869474451,5.269263957179175,1009.6374169564946,82.7913011967662
2025-01-14T02:00:00,256.20565025257343,6.363518163332593,1009.4836691597033,83.11784676884585
2025-01-14T03:00:00,249.9998596190162,6.510546467377146,1008.3308339839776,75.16202220193124
2025-01-14T04:00:00,245.4130910142128,8.335580306285628,1008.6382086515076,78.04776362393893
2025-01-14T05:00:00,244.44600552697275,9.386467903011487,1009.8392802096896,76.66644720360179
2025-01-14T06:00:00,236.5153848304581,12.768343897789649,1007.8887053294328,70.0363529252776
2025-01-14T07:00:00,224.76909518367776,12.682383720881962,1007.1018112947468,59.17789967950221
2025-01-14T08:00:00,219.4478703509717,16.190139203661374,1007.173854935912,60.33052123269642
2025-01-14T09:00:00,221.84757932757407,16.82050377882358,1008.4039200127664,59.96186228089452
2025-01-14T10:00:00,208.42816011268087,19.216300210611664,1008.3246163699145,48.208570048901095
2025-01-14T11:00:00,208.1142275108799,19.596179342990094,1008.1533917045116,49.436426674216506
2025-01-14T12:00:00,213.11870965515277,20.85759081147052,1009.0319529922036,55.797970865141785
2025-01-14T13:00:00,211.88982354683912,19.69937236227272,1006.2710967249328,54.362066457686254
2025-01-14T14:00:00,220.98393413194816,16.989727752543644,1008.3932208007528,56.66037493162663
2025-01-14T15:00:00,222.9443307299896,17.294987301178157,1009.1971122491982,64.52764445530858
2025-01-14T16:00:00,225.01099049613035,14.91463421272504,1007.3168367179323,63.27523225021224
2025-01-14T17:00:00,232.12223121726333,13.87940717640346,1007.856783172136,68.1286664147631
2025-01-14T18:00:00,245.0457609301186,13.95956790882768,1007.6261820359408,79.79976428206983
2025-01-14T19:00:00,237.1581658686995,11.427406221197035,1007.5718843428735,74.04530319387288
2025-01-14T20:00:00,242.74500796270317,8.602686535162015,1008.028352255047,76.17789976156476
2025-01-14T21:00:00,250.54197952996407,6.936370844911853,1009.328760750896,84.06053236876194
2025-01-14T22:00:00,257.91701953362667,6.832811888642002,1009.7023011810264,86.86831601417252
2025-01-14T23:00:00,255.7452405471168,5.076310931836122,1008.2812149994388,85.24858848031127
2025-01-15T00:00:00,256.0218939865755,5.395973750343076,1009.9635586193012,84.11476677542694
2025-01-15T01:00:00,267.601459020343,6.586631890070026,1008.7816973599262,95.28493974299964
2025-01-15T02:00:00,254.97166488856843,8.11211717446052,1010.123981912098,86.69243178889995
2025-01-15T03:00:00,250.0645563118355,8.799673913682115,1008.9831773519,
2025-01-15T04:00:00,252.3061218670868,7.706115521378825,1009.3044198328776,82.60829845935778
2025-01-15T05:00:00,242.706110823174,11.796837633302832,1009.6443950971624,74.95054321674658
2025-01-15T06:00:00,235.91297925611025,13.465367897030683,1011.800886870874,70.07212736231297
2025-01-15T07:00:00,229.4573872451401,15.650108853737606,1010.3694776024684,68.54429413394087
2025-01-15T08:00:00,217.431283956504,18.485148027425712,1009.4866309450948,57.96816417158895
2025-01-15T09:00:00,224.2863865628943,16.687335330700865,1010.8778609260868,60.21104127626299
2025-01-15T10:00:00,222.7244993270924,19.187798587678586,1010.1732630846564,62.97288944690505
2025-01-15T11:00:00,210.38057766249065,21.01310211831303,1010.3192434891488,56.2075860634114
2025-01-15T12:00:00,213.4304366358646,19.35755577090305,1011.5415283249804,52.671094986898986
2025-01-15T13:00:00,206.8819062627381,21.930918458163145,1011.1779749200258,52.77778652810704
2025-01-15T14:00:00,216.13373496290143,20.293698777921666,1011.6085254837008,54.79477184098059
2025-01-15T15:00:00,219.05524258331192,19.66933079329251,1011.6865296014475,58.01817933574434
2025-01-15T16:00:00,223.32324572574765,17.000126809144906,1012.1807681892136,61.0745180285291
2025-01-15T17:00:00,231.65786542543145,16.612996970719536,1012.5155343562758,69.66753398994742
2025-01-15T18:00:00,,15.083906043735857,1011.138819003048,64.75226359813072
2025-01-15T19:00:00,245.42119912258048,12.571974242706426,1013.2409224977886,78.18820663779985
2025-01-15T20:00:00,244.61867926428675,10.93527173141648,1012.368760268768,77.88989261200807
2025-01-15T21:00:00,253.2865359107273,9.566353653183508,1012.3298731214808,84.00123966380241
2025-01-15T22:00:00,254.561438102372,7.480304804537176,1013.5825834377754,81.37627260664446
2025-01-15T23:00:00,261.1715167456211,7.470092505422018,1013.966146541994,91.60140495749276
2025-01-16T00:00:00,261.49054317666474,7.27002638923533,1013.7049114204692,91.81740062220388
2025-01-16T01:00:00,257.8832253728768,8.03184969747467,1015.0534290979152,90.15936935793536
2025-01-16T02:00:00,246.8019888437993,9.324893789496985,1013.8110805383524,79.71851150484738
2025-01-16T03:00:00,251.10021665239915,8.621673616524513,1014.741418791034,85.13350610807856
2025-01-16T04:00:00,249.3585901012044,10.94633759952437,1014.8885549107224,80.03631506119977
2025-01-16T05:00:00,237.62911413439,14.11298438548373,1015.53229420651,68.80498917732037
2025-01-16T06:00:00,237.98694593480053,13.952514556293046,1016.0215507061298,69.83843779460088
2025-01-16T07:00:00,226.339985654798,15.721520360722314,1015.3760267208188,66.69530069570426
2025-01-16T08:00:00,225.3337349269158,18.35764832020764,1016.8368001255204,63.15754920108816
2025-01-16T09:00:00,219.9159161125105,20.40868413429768,1016.61449446143,58.19902526045893
2025-01-16T10:00:00,213.04121320041267,20.79249232691072,1015.47827570838,55.78080833257313
2025-01-16T11:00:00,214.41120884755117,22.69621180273709,1015.6548595911275,58.101861544505255
2025-01-16T12:00:00,208.5551489916184,22.52598482623716,1017.2308340604058,56.53380227239961
2025-01-16T13:00:00,200.6691859500312,22.28773849604445,1017.2880956019818,42.66183847594904
2025-01-16T14:00:00,208.7879479104916,21.340778164887983,1017.5628339936512,53.15542813487496
2025-01-16T15:00:00,214.0083493298492,21.833317236425152,1017.7966728121828,56.26064449518924
2025-01-16T16:00:00,212.20696484177165,18.110321314946688,1018.1432284244512,54.09163858274648
2025-01-16T17:00:00,230.42415910013452,14.807304521476896,1018.8053082828768,64.5175345929527
2025-01-16T18:00:00,237.7630024960337,16.243828925365428,1017.5078680896364,72.82008322134348
2025-01-16T19:00:00,234.13064666171545,12.575078465040333,1017.595584054335,68.90595347776599
2025-01-16T20:00:00,243.17576640001076,11.392059234834855,1017.767193606223,77.84417592774115
2025-01-16T21:00:00,240.4568297244895,11.01753012587648,1018.8371866279292,76.83832933765315
2025-01-16T22:00:00,252.0236453011816,7.275684073761131,1019.5943736144036,80.24832898230028
2025-01-16T23:00:00,260.36525383447184,6.880656375100917,1018.4941897355836,89.32267155232552
2025-01-17T00:00:00,252.51814347546403,6.313720098520315,1017.1031554329765,82.6845455541751
2025-01-17T01:00:00,258.5809322909826,7.262463042273963,1017.7045589433172,85.47360774715882
2025-01-17T02:00:00,245.15995454345813,9.053526169339277,1018.3418575765264,75.45931194932838
2025-01-17T03:00:00,252.23664440502105,10.221011584780724,1018.5466942347588,85.67568854121218
2025-01-17T04:00:00,244.41231957183905,11.424219508955266,1018.6477580380284,77.59647238944561
2025-01-17T05:00:00,241.2204682253664,11.566589449345184,1018.941521339858,70.5988080936372
2025-01-17T06:00:00,237.3277642090233,12.542650869254974,1018.6615318630433,68.702718593813
2025-01-17T07:00:00,220.55213222447225,16.452059250877287,1019.5639255244272,57.20512200590704
2025-01-17T08:00:00,225.45638135411252,17.634247296537488,1018.2902835071468,62.03002350674019
2025-01-17T09:00:00,280.5834114705267,19.88729822146169,1018.0785776775524,53.08900756236248
2025-01-17T10:00:00,209.5360871913333,21.18116588385901,1018.9208787083734,50.660755692587344
2025-01-17T11:00:00,206.87622257055355,21.334174076456293,1017.3991483690044,47.81082078767605
2025-01-17T12:00:00,203.7755790218971,22.09141644528072,1018.620526672272,46.776463431718376
2025-01-17T13:00:00,211.2685321594244,21.33212012238885,1018.2786735393591,51.67740636962613
2025-01-17T14:00:00,209.14638159908287,20.85872943082608,1017.9486455954112,51.69995992454669
2025-01-17T15:00:00,218.2996684585297,18.58833373785873,1018.9948075767728,55.649001084289935
2025-01-17T16:00:00,220.4945574971809,17.562660655539347,1017.2652205307692,56.72215006411283
2025-01-17T17:00:00,219.9976047967881,16.162949143009527,1018.9477577033052,62.5158840904059
2025-01-17T18:00:00,231.3746958962917,14.860757271221395,1017.1400369971934,63.5229448532253
2025-01-17T19:00:00,238.155607537906,11.902775963312546,1016.184233743808,77.06502029080566
2025-01-17T20:00:00,235.71834226976472,10.983026634673422,1016.895953982826,67.74838977964302
2025-01-17T21:00:00,254.3824316213294,8.768655356697936,1015.851636723104,81.04851951200415
2025-01-17T22:00:00,255.4015149294102,7.732034222913614,1015.8265149491784,84.00614534774161
2025-01-17T23:00:00,246.9384661022886,7.826169884689701,1016.368773811741,77.81933645654189
2025-01-18T00:00:00,261.58854257036535,4.987236396462865,1016.2088953980866,89.07238938608944
2025-01-18T01:00:00,260.59432052124737,5.79149976448477,1015.10532442971,84.06748355231285
2025-01-18T02:00:00,251.8556847959589,6.261469159669904,1015.9453047088454,82.1805121296972
2025-01-18T03:00:00,252.47556328589928,6.544500335349993,1015.7708117979734,76.07866502596356
2025-01-18T04:00:00,242.47651051575696,9.420121317799971,1015.6663090886292,71.6044109207941
2025-01-18T05:00:00,232.80613866225653,12.32863147522186,1014.726502935948,67.44101072711442
2025-01-18T06:00:00,231.01732871042145,13.144142021377052,1015.0007871895216,65.05470215031264
2025-01-18T07:00:00,226.68754750839884,15.32438528235856,1012.416556832204,64.11053281542902
2025-01-18T08:00:00,220.1953994706003,17.748571826156823,1013.1943736323692,55.664110328285474
2025-01-18T09:00:00,211.09286455690187,19.34620104433271,1012.4916789527048,48.2467023441225
2025-01-18T10:00:00,209.11255969964807,19.13446785369311,1012.8624223385402,51.55364730703602
2025-01-18T11:00:00,208.5441009877692,21.04701223433332,1012.0588688043416,50.13193526025876
2025-01-18T12:00:00,207.12557576017423,20.082913992590697,1012.0228622015558,48.56315200569835
2025-01-18T13:00:00,213.99874080019055,18.940518232881374,1013.1381884850352,49.40876190715306
2025-01-18T14:00:00,206.9289266605333,18.39270334105665,1011.385391384092,47.50327190190579
2025-01-18T15:00:00,215.9703508309856,16.415728550011373,1011.4802427746184,47.86072337101037
2025-01-18T16:00:00,216.9559806119543,15.4324034525226,1010.7180780940956,51.55878059137806
2025-01-18T17:00:00,217.2138349245577,14.154877403557416,1010.6282434634938,52.94332738318626
2025-01-18T18:00:00,229.58773669191623,13.322688836319376,1010.279335442864,63.87210771598544
2025-01-18T19:00:00,233.5919310747488,12.271085251147204,1010.2949226355915,67.13159017646679
2025-01-18T20:00:00,240.2807124684339,7.725477322221035,1010.5096510817796,69.97029092374615
2025-01-18T21:00:00,238.200253884046,7.809294941608794,1010.5675783363351,64.67848805223936
2025-01-18T22:00:00,246.2223423986895,5.34371878440764,1009.3599698617472,103.0
2025-01-18T23:00:00,252.9763480836665,5.945940951817872,1009.2938373596884,83.34697803419026
2025-01-19T00:00:00,252.4543434286043,5.1010312839694425,1007.8232496952968,77.68597164963792
2025-01-19T01:00:00,253.72611860881,3.749620441822235,1008.3254944283664,80.70941586219305
2025-01-19T02:00:00,245.2276401802058,6.873289465920566,1008.8144619469024,72.90163924739814
2025-01-19T03:00:00,252.11853925340432,6.548094152438707,1008.5434030556564,80.12842047934573
2025-01-19T04:00:00,242.0181039809627,8.005513680949283,1007.878618735324,71.09906229662556
2025-01-19T05:00:00,244.6885378522587,9.156613180089336,1008.1570910331146,68.55469744150594
2025-01-19T06:00:00,240.6992931520261,11.288863407635478,1007.6996539022296,71.32173381222374
2025-01-19T07:00:00,231.3186933356808,14.02271737204245,1008.029699879256,64.13633389070553
2025-01-19T08:00:00,215.76543813179472,15.10536916516958,1007.2397235269088,53.70822487548827
2025-01-19T09:00:00,211.9378704078528,16.972751064224276,1006.6506032219704,49.24180693908514
2025-01-19T10:00:00,211.06649935712488,18.068414125733344,989.0122110063704,47.53986216733413
2025-01-19T11:00:00,207.82684759473267,19.58572717233701,1004.6186839921584,48.83344764614815
2025-01-19T12:00:00,211.09677735111447,18.28419579577961,1006.8468434401764,46.174037268519605
2025-01-19T13:00:00,207.4509709016117,16.984032745282317,1003.9496599395484,45.81584297467775
2025-01-19T14:00:00,215.71991530606812,18.535448207637067,1005.2380672039404,54.11498115735688
2025-01-19T15:00:00,215.1836386463941,16.1273045548074,1006.718062289932,51.36868301943017
2025-01-19T16:00:00,228.5168374902546,15.944287473307655,1006.7099476058834,63.42923957115582
2025-01-19T17:00:00,225.9822998378921,13.565365009273568,1005.5524368650682,59.89416043084825
2025-01-19T18:00:00,239.2772350231086,11.260232260592636,1005.8747763328702,70.32513574198781
2025-01-19T19:00:00,240.51625303999708,9.852352928358064,1007.3563881878237,69.83118799539933
2025-01-19T20:00:00,245.70433948157896,9.580338556554102,1006.0985577689892,76.15907626366594
2025-01-19T21:00:00,247.82532488671924,8.220545013287484,1008.0643132903806,73.88525084355003
2025-01-19T22:00:00,252.72768616045016,5.280234144713379,1006.566206213042,76.25034434733675
2025-01-19T23:00:00,258.8407120941677,4.644024262641568,1006.9426743724042,82.66474917093302
2025-01-20T00:00:00,259.9487634361366,5.213745899792465,1007.894362561478,85.21725276091638
2025-01-20T01:00:00,260.7064655002032,3.708804634665992,1006.9755160619426,81.44436694281299
2025-01-20T02:00:00,250.6065032078836,5.457690021660127,1006.318849458302,75.23116025040021
2025-01-20T03:00:00,246.95932404941445,6.238293990727861,1007.09548166555,72.40217262639428
2025-01-20T04:00:00,242.5327102899039,7.987550555385674,1007.3138927671844,68.78103900505728
2025-01-20T05:00:00,240.4137907494912,8.639493490308773,1006.5643419517892,63.62542871557257
2025-01-20T06:00:00,234.74524734234703,9.769389256021928,1007.5352760297826,65.93376774015812
2025-01-20T07:00:00,237.2207657313517,11.147306954706364,1007.4028867005228,65.22871273964502
2025-01-20T08:00:00,221.08885317094857,13.699387463383228,1008.7903733039756,57.28627210343658
2025-01-20T09:00:00,212.80698108103385,15.748257734052594,1008.4007319375288,46.04483684112684
2025-01-20T10:00:00,218.8748655667707,17.01840991130196,1008.423414208306,50.73231732364991
2025-01-20T11:00:00,212.1528259542595,19.736369178390124,1008.8029755011733,49.27840967905548
2025-01-20T12:00:00,219.14267504085905,19.24052379098929,1009.2998320410107,56.75249770122255
2025-01-20T13:00:00,208.7492577861305,17.156932291995687,1009.8514933446456,45.04415326915991
2025-01-20T14:00:00,214.7934862595687,17.65508438328188,1009.0050299614836,50.62405303536098
2025-01-20T15:00:00,225.83224338920388,15.884387061035484,1009.2691223258656,60.81290730557588
2025-01-20T16:00:00,225.51218622969617,14.56849979820435,1011.0724642612838,60.08773536734005
2025-01-20T17:00:00,232.37504994480776,13.328714339625533,1010.3182883543363,64.73403821439439
2025-01-20T18:00:00,237.8197858450504,11.935510043053496,1009.9288627715011,67.7127397207702
2025-01-20T19:00:00,243.73000773786916,9.291526340478446,1011.5502387926076,73.01531237807605
2025-01-20T20:00:00,249.63799493553867,8.89862065264893,1011.8872193681268,78.83046744536898
2025-01-20T21:00:00,250.34832032312977,5.498404569555093,1010.8181953862868,76.94384360727534
2025-01-20T22:00:00,262.64973709116464,5.456297535866182,1012.3798766254794,85.69820603092182
2025-01-20T23:00:00,255.46853452711855,7.128149566332768,1013.0655546320008,79.66287400084535
2025-01-21T00:00:00,263.717445504423,4.793475099920293,1013.1451388772696,86.34054456358244
2025-01-21T01:00:00,262.9549337708494,6.1640631702602615,1013.658040832953,85.37953414257545
2025-01-21T02:00:00,257.39088444912204,5.700696964571128,1012.564562857989,81.03868824214571
2025-01-21T03:00:00,255.92457977230688,7.300159711355198,1014.1096392474864,80.55271894698095
2025-01-21T04:00:00,249.52265066833496,8.224584197058926,1013.9940544462072,75.06817798835822
2025-01-21T05:00:00,241.62292793020757,9.86078252093395,1014.192690776718,69.52936060434814
2025-01-21T06:00:00,237.61601353229807,11.176184199601405,1015.4607368530652,67.77343294738931
2025-01-21T07:00:00,233.9057188082881,14.130128204747136,1016.2026734126972,60.87508093032692
2025-01-21T08:00:00,228.40454901026143,23.719640425218287,1016.7333968391332,61.8936448871766
2025-01-21T09:00:00,216.671389408151,17.591116443260304,1016.7013921918204,53.339461890933016
2025-01-21T10:00:00,221.121656912384,19.138936130492397,1016.0006603651848,57.27345031025045
2025-01-21T11:00:00,212.846791989692,8.25027551964547,1016.6128304557452,49.06293098482764
2025-01-21T12:00:00,211.16744047559823,18.96138540938827,1017.1824258494346,50.74803604632294
2025-01-21T13:00:00,216.6651748610823,19.450244161625765,1017.0007595879785,51.23062050924262
2025-01-21T14:00:00,223.6729949830528,18.12675823263979,1017.2676321591988,59.85648794524493
2025-01-21T15:00:00,220.76487569424708,18.19723756970517,1018.0021058700484,59.17542743828506
2025-01-21T16:00:00,231.72943015869663,14.321175210266762,1017.6219523657896,60.89422921653515
2025-01-21T17:00:00,237.15330554593612,14.043812403226328,1017.3789121040908,67.571576421991
2025-01-21T18:00:00,232.19285803101957,10.807731523267032,1017.812668700978,62.936981721151774
2025-01-21T19:00:00,251.495888245026,9.508071044184629,1018.7468144043914,74.64265158344644
2025-01-21T20:00:00,258.75603696140644,10.459199927715398,1018.491841107743,85.96178905654615
2025-01-21T21:00:00,256.5211880252384,8.654382958482731,1018.900489792434,83.02645774730632
2025-01-21T22:00:00,265.2459173790999,6.155775795097057,1019.2894977987968,85.56954350340406
2025-01-21T23:00:00,266.8376622827563,4.818961955842329,1018.701267823263,89.01054168087069
